[
  {
    "Title": "XmlCommentWriter Class",
    "Id": "926970",
    "ParentWikiTitle": "Documentation",
    "FileExtension": "codeplexwiki",
    "UpdatedDate": "2014-10-05T15:31:20.37-07:00",
    "FileAttachments": []
  },
  {
    "Title": "XmlCommentElement Class",
    "Id": "926969",
    "ParentWikiTitle": "Documentation",
    "FileExtension": "codeplexwiki",
    "UpdatedDate": "2014-10-05T15:30:48.43-07:00",
    "FileAttachments": []
  },
  {
    "Title": "XmlCommentAttribute Class",
    "Id": "926956",
    "ParentWikiTitle": "Documentation",
    "FileExtension": "codeplexwiki",
    "UpdatedDate": "2014-10-05T15:22:20.873-07:00",
    "FileAttachments": []
  },
  {
    "Title": "XmlAnnotate Class",
    "Id": "926934",
    "ParentWikiTitle": "Documentation",
    "FileExtension": "codeplexwiki",
    "UpdatedDate": "2014-10-05T14:56:54.487-07:00",
    "FileAttachments": []
  },
  {
    "Title": "Home",
    "Id": "926844",
    "ParentWikiTitle": "Home",
    "FileExtension": "codeplexwiki",
    "UpdatedDate": "2014-10-05T08:11:01.63-07:00",
    "FileAttachments": []
  },
  {
    "Title": "Getting Started Step 3 of 3",
    "Id": "926831",
    "ParentWikiTitle": "Documentation",
    "FileExtension": "codeplexwiki",
    "UpdatedDate": "2014-10-05T07:13:10.787-07:00",
    "FileAttachments": []
  },
  {
    "Title": "Getting Started Step 1 of 3",
    "Id": "926829",
    "ParentWikiTitle": "Documentation",
    "FileExtension": "codeplexwiki",
    "UpdatedDate": "2014-10-05T07:11:12.647-07:00",
    "FileAttachments": []
  },
  {
    "Title": "Getting Started Step 2 of 3",
    "Id": "926770",
    "ParentWikiTitle": "Documentation",
    "FileExtension": "codeplexwiki",
    "UpdatedDate": "2014-10-05T04:35:22.51-07:00",
    "FileAttachments": []
  },
  {
    "Title": "Documentation",
    "Id": "926758",
    "ParentWikiTitle": "Documentation",
    "FileExtension": "codeplexwiki",
    "UpdatedDate": "2014-10-05T04:18:26.2-07:00",
    "FileAttachments": []
  }
]
